REPORT CYCLE,total_tons,records
2021,82368243.9335658,1829496
2023,69684726.0714732,1769356
